use makemytrip
DELETE FROM booked_loungue;
DELETE FROM complaint;
DELETE FROM flight;
DELETE FROM holiday_pay;
DELETE FROM holidaypackage;
DELETE FROM hotel_invouice;
DELETE FROM hotels;
DELETE FROM loungue;
DELETE FROM payments;
DELETE FROM tickets;
DELETE FROM trains;
DELETE FROM transport;
DELETE FROM users;
INSERT INTO Users (userid, email, name, phnumber, gender, Address_hno, City, Pincode, dob) VALUES (3337, stevensmith@example.com, Benjamin Jordan, 2228680636, F, 17712, North Dan, 803718, 1957-11-15 );
INSERT INTO Users (userid, email, name, phnumber, gender, Address_hno, City, Pincode, dob) VALUES (1009, wharrison@example.org, Henry Rodriguez, 9953138526, M, 945, North Reginatown, 501140, 1964-08-30 );
INSERT INTO Users (userid, email, name, phnumber, gender, Address_hno, City, Pincode, dob) VALUES (3184, morajorge@example.net, Robert Baker, 7378246364, F, 56688, Lake Nancy, 458136, 1991-07-27 );
INSERT INTO Users (userid, email, name, phnumber, gender, Address_hno, City, Pincode, dob) VALUES (4831, jcampbell@example.org, Andrew Edwards, 3508994027, F, 055, West Tiffanyshire, 498394, 1970-01-11 );
INSERT INTO Users (userid, email, name, phnumber, gender, Address_hno, City, Pincode, dob) VALUES (4978, thomas22@example.com, Gary Johnson, 4203936353, F, 4732, East Tammyhaven, 536651, 1973-08-14 );
INSERT INTO Users (userid, email, name, phnumber, gender, Address_hno, City, Pincode, dob) VALUES (7174, tinamurphy@example.com, Judy Henry, 2358637911, F, 562, West Christopher, 327544, 1943-09-23 );
INSERT INTO Users (userid, email, name, phnumber, gender, Address_hno, City, Pincode, dob) VALUES (8498, kramersteven@example.com, Jeffrey Shelton, 2201452450, M, 4237, Port Oscar, 355784, 1966-06-16 );
INSERT INTO Users (userid, email, name, phnumber, gender, Address_hno, City, Pincode, dob) VALUES (2782, cody61@example.org, Alyssa Barnes, 5571084202, F, 8115, East Vincentbury, 426088, 1955-10-12 );
INSERT INTO Users (userid, email, name, phnumber, gender, Address_hno, City, Pincode, dob) VALUES (3638, dustin51@example.com, Elizabeth Burke, 7623034956, F, 76828, Port Joseph, 445662, 1962-08-15 );
INSERT INTO Users (userid, email, name, phnumber, gender, Address_hno, City, Pincode, dob) VALUES (2117, dennissmith@example.org, Erica Cruz, 7157660319, F, 5268, Foxmouth, 638506, 1983-02-20 );
INSERT INTO Complaint (complaint_id, user_id, complaint_description) VALUES (3492, 2782, Everyone change kitchen since hear glass begin person. Each then air adult develop why. Involve born reduce stand let check make year. Whose position size medical edge ago recently.);
INSERT INTO Complaint (complaint_id, user_id, complaint_description) VALUES (7913, 3337, Particularly travel also by but end. Use point must certainly more despite hour. Or beat science enough upon time.);
INSERT INTO Complaint (complaint_id, user_id, complaint_description) VALUES (6581, 3638, Sound system power themselves. Church relate environmental. Your director blood growth include group hear reflect.);
INSERT INTO Complaint (complaint_id, user_id, complaint_description) VALUES (1428, 4978, Out various again general food back. Offer film democratic begin whether certain size. Teacher yard man. Need glass accept move. White store base end street. Rich attorney fire sort. Once interest answer than.);
INSERT INTO Complaint (complaint_id, user_id, complaint_description) VALUES (3905, 3184, Whatever him quickly treat. Church certainly college thank bill such time. Food these land view. Next job management.);
INSERT INTO Complaint (complaint_id, user_id, complaint_description) VALUES (1724, 8498, Old very reach science exist their. Drug church our realize defense would increase. Billion above politics rise collection sit. Identify guess moment as picture despite model time.);
INSERT INTO Complaint (complaint_id, user_id, complaint_description) VALUES (5045, 3184, Mouth give visit good care drop you very. Range general person situation far. Shake particular point former card. Charge law very deep fill big. West eight money find fast commercial.);
INSERT INTO Complaint (complaint_id, user_id, complaint_description) VALUES (2368, 3638, Appear off radio listen sign letter. Serious produce might owner audience central idea. Kid national understand interview side question economic. Care half around.);
INSERT INTO Complaint (complaint_id, user_id, complaint_description) VALUES (3495, 4978, World walk trial reason kitchen fund sea. Up measure because memory itself financial window. Cold white part life. Father energy the pressure miss. Whether allow certainly approach operation mind customer. Reason wind civil something analysis.);
INSERT INTO Complaint (complaint_id, user_id, complaint_description) VALUES (5285, 7174, Seat evidence can field. Argue seat oil entire serious throughout concern standard. Artist away sort such little into laugh. Result take budget cell marriage morning leg. Seven allow sometimes. Theory crime free shoulder.);
INSERT INTO Loungue (Offers_code, Credit_Card, Timings, Place) VALUES (Zez8DnhM, ICICI Bank, 1981-12-01 14:56:54, 6689 Joshua Plains Apt. 933
East Katherineport, IL 75585);
INSERT INTO Loungue (Offers_code, Credit_Card, Timings, Place) VALUES (MJEc0pfd, ICICI Bank, 2018-06-05 00:00:22, 11478 Elizabeth Stream Apt. 217   
West Ashleyfort, HI 13669);
INSERT INTO Loungue (Offers_code, Credit_Card, Timings, Place) VALUES (VJXspZM9, HDFC Bank, 1976-12-06 14:11:16, 59982 Daniel Lodge Apt. 142
West Aliciaside, KY 56551);
INSERT INTO Loungue (Offers_code, Credit_Card, Timings, Place) VALUES (IaFPAgvN, ICICI Bank, 2021-10-24 08:23:48, 3257 King Stravenue
Wangbury, AK 93318);
INSERT INTO Loungue (Offers_code, Credit_Card, Timings, Place) VALUES (H00bLzL4, ICICI Bank, 1993-09-19 22:46:14, PSC 7795, Box 6926
APO AP 82136);
INSERT INTO Loungue (Offers_code, Credit_Card, Timings, Place) VALUES (IjYShPuh, Kotak Mahindra Bank, 2012-08-05 01:58:06, 73036 Phillips Crossroad 
Caseybury, VA 72479);
INSERT INTO Loungue (Offers_code, Credit_Card, Timings, Place) VALUES (oPwcOB6P, State Bank of India, 1981-05-30 03:00:59, 267 Hoover Roads Apt. 933
Nguyenside, MH 84771);
INSERT INTO Loungue (Offers_code, Credit_Card, Timings, Place) VALUES (Gnc5cbup, Kotak Mahindra Bank, 1989-11-13 19:57:17, 844 Judy Expressway Apt. 193
Lawsonton, MP 58041);
INSERT INTO Loungue (Offers_code, Credit_Card, Timings, Place) VALUES (127beC4F, Axis Bank, 1976-11-30 21:50:37, 79162 Perkins Fall
Lake Marcville, PA 80630);
INSERT INTO Loungue (Offers_code, Credit_Card, Timings, Place) VALUES (9SiPdnqi, HDFC Bank, 2003-07-24 11:04:04, 229 Wong Plains
Port Martinshire, NH 13221);